"title","start_time","end_time","description","exercise_title","superset_id","exercise_notes","set_index","set_type","weight_kg","reps","distance_km","duration_seconds","rpe"
"Legs Old","1 Mar 2024, 4:10","1 Mar 2024, 5:15","","Squat (Barbell)",,"",0,"normal",80,8,,,
"Legs Old","1 Mar 2024, 4:10","1 Mar 2024, 5:15","","Squat (Barbell)",,"",1,"normal",80,8,,,
"Legs Old","1 Mar 2024, 4:10","1 Mar 2024, 5:15","","Squat (Barbell)",,"",2,"normal",80,8,,,
"Legs Old","8 Mar 2024, 4:10","8 Mar 2024, 5:15","","Squat (Barbell)",,"",0,"normal",80,8,,,
"Legs Old","8 Mar 2024, 4:10","8 Mar 2024, 5:15","","Squat (Barbell)",,"",1,"normal",80,8,,,
"Legs Old","8 Mar 2024, 4:10","8 Mar 2024, 5:15","","Squat (Barbell)",,"",2,"normal",80,8,,,
"Legs Old","15 Mar 2024, 4:10","15 Mar 2024, 5:15","","Squat (Barbell)",,"",0,"normal",80,8,,,
"Legs Old","15 Mar 2024, 4:10","15 Mar 2024, 5:15","","Squat (Barbell)",,"",1,"normal",80,8,,,
"Legs Old","15 Mar 2024, 4:10","15 Mar 2024, 5:15","","Squat (Barbell)",,"",2,"normal",80,8,,,
"Morning workout ☀️","2 Sep 2026, 4:10","2 Sep 2026, 5:15","","Bicep Curl (Dumbbell)",,"",0,"normal",12,12,,,
"Morning workout ☀️","2 Sep 2026, 4:10","2 Sep 2026, 5:15","","Bicep Curl (Dumbbell)",,"",1,"normal",12,12,,,
"Morning workout ☀️","2 Sep 2026, 4:10","2 Sep 2026, 5:15","","Bicep Curl (Dumbbell)",,"",2,"normal",12,12,,,
"Morning workout ☀️","9 Sep 2026, 4:10","9 Sep 2026, 5:15","","Bicep Curl (Dumbbell)",,"",0,"normal",12,12,,,
"Morning workout ☀️","9 Sep 2026, 4:10","9 Sep 2026, 5:15","","Bicep Curl (Dumbbell)",,"",1,"normal",12,12,,,
"Morning workout ☀️","9 Sep 2026, 4:10","9 Sep 2026, 5:15","","Bicep Curl (Dumbbell)",,"",2,"normal",12,12,,,
"Morning workout ☀️","16 Sep 2026, 4:10","16 Sep 2026, 5:15","","Bicep Curl (Dumbbell)",,"",0,"normal",12,12,,,
"Morning workout ☀️","16 Sep 2026, 4:10","16 Sep 2026, 5:15","","Bicep Curl (Dumbbell)",,"",1,"normal",12,12,,,
"Morning workout ☀️","16 Sep 2026, 4:10","16 Sep 2026, 5:15","","Bicep Curl (Dumbbell)",,"",2,"normal",12,12,,,
"Push A","1 Sep 2026, 4:10","1 Sep 2026, 5:15","","Bench Press (Barbell)",,"",0,"normal",60,8,,,
"Push A","1 Sep 2026, 4:10","1 Sep 2026, 5:15","","Bench Press (Barbell)",,"",1,"normal",60,8,,,
"Push A","1 Sep 2026, 4:10","1 Sep 2026, 5:15","","Bench Press (Barbell)",,"",2,"normal",60,8,,,
"Push A","1 Sep 2026, 4:10","1 Sep 2026, 5:15","","Lateral Raise (Dumbbell)",,"",0,"normal",8,15,,,
"Push A","1 Sep 2026, 4:10","1 Sep 2026, 5:15","","Lateral Raise (Dumbbell)",,"",1,"normal",8,15,,,
"Push A","1 Sep 2026, 4:10","1 Sep 2026, 5:15","","Lateral Raise (Dumbbell)",,"",2,"normal",8,15,,,
"Push A","1 Sep 2026, 4:10","1 Sep 2026, 5:15","","Chest Fly (Machine)",,"",0,"normal",40,12,,,
"Push A","1 Sep 2026, 4:10","1 Sep 2026, 5:15","","Chest Fly (Machine)",,"",1,"normal",40,12,,,
"Push A","1 Sep 2026, 4:10","1 Sep 2026, 5:15","","Chest Fly (Machine)",,"",2,"normal",40,12,,,
"Pull A","3 Sep 2026, 4:10","3 Sep 2026, 5:15","","Lat Pulldown (Cable)",,"",0,"normal",50,10,,,
"Pull A","3 Sep 2026, 4:10","3 Sep 2026, 5:15","","Lat Pulldown (Cable)",,"",1,"normal",50,10,,,
"Pull A","3 Sep 2026, 4:10","3 Sep 2026, 5:15","","Lat Pulldown (Cable)",,"",2,"normal",50,10,,,
"Pull A","3 Sep 2026, 4:10","3 Sep 2026, 5:15","","Seated Cable Row - V Grip (Cable)",,"",0,"normal",45,12,,,
"Pull A","3 Sep 2026, 4:10","3 Sep 2026, 5:15","","Seated Cable Row - V Grip (Cable)",,"",1,"normal",45,12,,,
"Pull A","3 Sep 2026, 4:10","3 Sep 2026, 5:15","","Seated Cable Row - V Grip (Cable)",,"",2,"normal",45,12,,,
"Push A","8 Sep 2026, 4:10","8 Sep 2026, 5:15","","Bench Press (Barbell)",,"",0,"normal",62.5,8,,,
"Push A","8 Sep 2026, 4:10","8 Sep 2026, 5:15","","Bench Press (Barbell)",,"",1,"normal",62.5,8,,,
"Push A","8 Sep 2026, 4:10","8 Sep 2026, 5:15","","Bench Press (Barbell)",,"",2,"normal",62.5,8,,,
"Push A","8 Sep 2026, 4:10","8 Sep 2026, 5:15","","Lateral Raise (Dumbbell)",,"",0,"normal",8,15,,,
"Push A","8 Sep 2026, 4:10","8 Sep 2026, 5:15","","Lateral Raise (Dumbbell)",,"",1,"normal",8,15,,,
"Push A","8 Sep 2026, 4:10","8 Sep 2026, 5:15","","Lateral Raise (Dumbbell)",,"",2,"normal",8,15,,,
"Push A","8 Sep 2026, 4:10","8 Sep 2026, 5:15","","Chest Fly (Machine)",,"",0,"normal",40,12,,,
"Push A","8 Sep 2026, 4:10","8 Sep 2026, 5:15","","Chest Fly (Machine)",,"",1,"normal",40,12,,,
"Push A","8 Sep 2026, 4:10","8 Sep 2026, 5:15","","Chest Fly (Machine)",,"",2,"normal",40,12,,,
"Pull A","10 Sep 2026, 4:10","10 Sep 2026, 5:15","","Lat Pulldown (Cable)",,"",0,"normal",50,10,,,
"Pull A","10 Sep 2026, 4:10","10 Sep 2026, 5:15","","Lat Pulldown (Cable)",,"",1,"normal",50,10,,,
"Pull A","10 Sep 2026, 4:10","10 Sep 2026, 5:15","","Lat Pulldown (Cable)",,"",2,"normal",50,10,,,
"Pull A","10 Sep 2026, 4:10","10 Sep 2026, 5:15","","Seated Cable Row - V Grip (Cable)",,"",0,"normal",45,12,,,
"Pull A","10 Sep 2026, 4:10","10 Sep 2026, 5:15","","Seated Cable Row - V Grip (Cable)",,"",1,"normal",45,12,,,
"Pull A","10 Sep 2026, 4:10","10 Sep 2026, 5:15","","Seated Cable Row - V Grip (Cable)",,"",2,"normal",45,12,,,
"Pull A","10 Sep 2026, 4:10","10 Sep 2026, 5:15","","Bicep Curl (Dumbbell)",,"",0,"normal",12,12,,,
"Pull A","10 Sep 2026, 4:10","10 Sep 2026, 5:15","","Bicep Curl (Dumbbell)",,"",1,"normal",12,12,,,
"Pull A","24 Sep 2026, 4:10","24 Sep 2026, 5:15","","Lat Pulldown (Cable)",,"",0,"normal",52.5,10,,,
"Pull A","24 Sep 2026, 4:10","24 Sep 2026, 5:15","","Lat Pulldown (Cable)",,"",1,"normal",52.5,10,,,
"Pull A","24 Sep 2026, 4:10","24 Sep 2026, 5:15","","Lat Pulldown (Cable)",,"",2,"normal",52.5,10,,,
"Pull A","24 Sep 2026, 4:10","24 Sep 2026, 5:15","","Seated Cable Row - V Grip (Cable)",,"",0,"normal",47.5,12,,,
"Pull A","24 Sep 2026, 4:10","24 Sep 2026, 5:15","","Seated Cable Row - V Grip (Cable)",,"",1,"normal",47.5,12,,,
"Pull A","24 Sep 2026, 4:10","24 Sep 2026, 5:15","","Seated Cable Row - V Grip (Cable)",,"",2,"normal",47.5,12,,,
"Push A","29 Sep 2026, 4:10","29 Sep 2026, 5:15","","Bench Press (Barbell)",,"",0,"warmup",40,10,,,
"Push A","29 Sep 2026, 4:10","29 Sep 2026, 5:15","","Bench Press (Barbell)",,"",1,"normal",65,8,,,
"Push A","29 Sep 2026, 4:10","29 Sep 2026, 5:15","","Bench Press (Barbell)",,"",2,"normal",65,7,,,
"Push A","29 Sep 2026, 4:10","29 Sep 2026, 5:15","","Bench Press (Barbell)",,"",3,"normal",65,6,,,
"Push A","29 Sep 2026, 4:10","29 Sep 2026, 5:15","","Lateral Raise (Dumbbell)",,"",0,"normal",8,15,,,
"Push A","29 Sep 2026, 4:10","29 Sep 2026, 5:15","","Lateral Raise (Dumbbell)",,"",1,"normal",8,15,,,
"Push A","29 Sep 2026, 4:10","29 Sep 2026, 5:15","","Lateral Raise (Dumbbell)",,"",2,"normal",8,15,,,
"Push A","29 Sep 2026, 4:10","29 Sep 2026, 5:15","","Triceps Pushdown",,"",0,"normal",25,12,,,
"Push A","29 Sep 2026, 4:10","29 Sep 2026, 5:15","","Triceps Pushdown",,"",1,"normal",25,12,,,
"Push A","29 Sep 2026, 4:10","29 Sep 2026, 5:15","","Triceps Pushdown",,"",2,"normal",25,12,,,
"Push A","29 Sep 2026, 4:10","29 Sep 2026, 5:15","","Skullcrusher (Dumbbell)",,"",0,"normal",12,11,,,
"Push A","29 Sep 2026, 4:10","29 Sep 2026, 5:15","","Skullcrusher (Dumbbell)",,"",1,"normal",12,10,,,
