Date,Workout Name,Duration,Exercise Name,Set Order,Weight,Reps,Distance,Seconds,Notes,Workout Notes,RPE
2026-09-20 07:30:00,Strong Push,52m,Bench Press (Barbell),W,95,10,0,0,,,
2026-09-20 07:30:00,Strong Push,52m,Bench Press (Barbell),1,135,8,0,0,,,
2026-09-20 07:30:00,Strong Push,52m,Bench Press (Barbell),2,135,8,0,0,,,
2026-09-20 07:30:00,Strong Push,52m,Bench Press (Barbell),3,135,7,0,0,,,
2026-09-20 07:30:00,Strong Push,52m,Running,1,0,0,3.1,1500,,,
2026-09-22 18:10:00,Strong Legs,1h 5m,Squat (Barbell),W,95,8,0,0,,,
2026-09-22 18:10:00,Strong Legs,1h 5m,Squat (Barbell),1,185,5,0,0,,,
2026-09-22 18:10:00,Strong Legs,1h 5m,Squat (Barbell),2,185,5,0,0,,,
2026-09-22 18:10:00,Strong Legs,1h 5m,Squat (Barbell),3,185,5,0,0,,,
